_id,input_text,output_text,input_length,output_length,created_at
ObjectId(699605980cf8fe1b2b1582e5),Please add more examples about 2008 economic crisis,"Consider including more specific examples to illustrate the 2008 economic crisis, such as the collapse of Lehman Brothers or the housing market bubble bursting.",,,2026-02-18T18:31:52.638Z
ObjectId(699605b80cf8fe1b2b1582e6),Please add more examples about 2008 economic crisis,"To further enhance your analysis, consider incorporating more specific examples related to the 2008 economic crisis. This will help to provide a clearer understanding of the topic and support your arguments.

• You could discuss the role of subprime mortgages in contributing to the crisis, such as how they led to a housing market bubble and subsequent collapse.
• Analyzing the impact of the crisis on different sectors, like the automotive industry, could also provide valuable insights.
• Examining the responses of governments and financial institutions to the crisis, such as the bailouts and stimulus packages, could add depth to your discussion.
• Additionally, exploring the long-term effects of the crisis, including changes in financial regulations and consumer behavior, could provide a more comprehensive understanding of the topic.",,,2026-02-18T18:32:24.082Z
ObjectId(69960940eca5931f5e075bc5),Please include cases on 2008 economic crisis,Consider incorporating examples related to the 2008 global financial crisis to illustrate key concepts and make the analysis more relatable and engaging.,44,153,2026-02-18T18:47:28.898Z
ObjectId(6996094feca5931f5e075bc6),Please include cases on monopoly,It would be great to see some examples of how a monopoly might affect the market in your analysis. This could help illustrate the concept and make it more relatable.,32,165,2026-02-18T18:47:43.693Z
ObjectId(6996097eeca5931f5e075bc7),Please include examples of monopoly,"Here's the rewritten feedback:

To make your discussion more engaging, consider including concrete examples of monopolies. This will help illustrate the concept and make it more relatable to readers.",35,199,2026-02-18T18:48:30.248Z
ObjectId(6998830f3ae7001aba4f618d),"Your essay presents a clear and coherent argument, and I appreciate the way you structured your analysis around a central thesis rather than simply summarizing events. The introduction effectively sets up the historical context, though it could be more precise in defining your key terms. Your use of primary sources is especially strong; you integrate quotations smoothly and generally explain their significance well. In a few places, however, your claims move a bit faster than your evidence supports, and I would encourage you to slow down and more fully unpack the causal connections you’re drawing. Stylistically, the prose is engaging and confident, with only minor issues in clarity and transitions between paragraphs. Overall, this is thoughtful, well-researched work that demonstrates a solid grasp of the material and promising analytical depth.","Your essay presents a clear and coherent argument, effectively structured around a central thesis. The introduction sets up the historical context well, though it could benefit from more precise definitions of key terms. 

• The use of primary sources is a notable strength, with quotations smoothly integrated and their significance generally well-explained.
• The analysis of these sources demonstrates a solid grasp of the material, showcasing promising analytical depth.
• However, there are instances where claims move faster than the evidence supports, suggesting a need to slow down and more fully unpack causal connections.
• Additionally, minor issues in clarity and transitions between paragraphs detract from the overall flow of the essay.

Overall, this is thoughtful, well-researched work that demonstrates a solid grasp of the material and promising analytical depth.",,,2026-02-20T15:51:43.988Z
ObjectId(699884303ae7001aba4f618e),"Your essay presents a clear and coherent argument, and I appreciate the way you structured your analysis around a central thesis rather than simply summarizing events. The introduction effectively sets up the historical context, though it could be more precise in defining your key terms. Your use of primary sources is especially strong; you integrate quotations smoothly and generally explain their significance well. In a few places, however, your claims move a bit faster than your evidence supports, and I would encourage you to slow down and more fully unpack the causal connections you’re drawing. Stylistically, the prose is engaging and confident, with only minor issues in clarity and transitions between paragraphs. Overall, this is thoughtful, well-researched work that demonstrates a solid grasp of the material and promising analytical depth.","Your essay presents a clear and well-structured argument, effectively using a central thesis to guide your analysis. I appreciate how you've set up the historical context in the introduction, providing a solid foundation for your discussion. To further strengthen your argument, consider refining your definitions of key terms to ensure clarity and precision. Your use of primary sources is a notable strength, as you seamlessly integrate quotations and provide thoughtful explanations of their significance. To build on this, focus on developing a more nuanced exploration of the causal connections between your claims and evidence. Your writing is engaging and confident, with only minor areas for improvement in terms of clarity and paragraph transitions. Overall, this is a thoughtful and well-researched piece that demonstrates a strong grasp of the material and promising analytical potential.",,,2026-02-20T15:56:32.621Z
ObjectId(699884d33ae7001aba4f618f),"Your essay presents a clear and coherent argument, and I appreciate the way you structured your analysis around a central thesis rather than simply summarizing events. The introduction effectively sets up the historical context, though it could be more precise in defining your key terms. Your use of primary sources is especially strong; you integrate quotations smoothly and generally explain their significance well. In a few places, however, your claims move a bit faster than your evidence supports, and I would encourage you to slow down and more fully unpack the causal connections you’re drawing. Stylistically, the prose is engaging and confident, with only minor issues in clarity and transitions between paragraphs. Overall, this is thoughtful, well-researched work that demonstrates a solid grasp of the material and promising analytical depth.","Your essay presents a clear and coherent argument, effectively structured around a central thesis that goes beyond mere event summary. The introduction sets up the historical context well, though could benefit from more precise definitions of key terms. 

• The use of primary sources is a notable strength, with quotations smoothly integrated and their significance generally well-explained.
• For instance, the analysis of the 1917 revolution in Russia effectively utilizes Lenin's writings to support the argument.
• Additionally, the incorporation of diaries from World War I soldiers provides valuable insight into the soldiers' experiences.
• However, more attention to the historical context of these sources would enhance their impact.

In a few places, your claims move faster than the evidence supports, and I encourage you to slow down and more fully unpack the causal connections you're drawing. Stylistically, the prose is engaging and confident, with only minor issues in clarity and transitions between paragraphs. Overall, this is thoughtful, well-researched work that demonstrates a solid grasp of the material and promising analytical depth.",,,2026-02-20T15:59:15.557Z
ObjectId(69a0bd4d005546c70457f5d8),Please include some examples abput the recent Olympic games in 2026,Please include some examples related to the recent Olympic games.,67,65,2026-02-26T21:38:21.616Z
ObjectId(69a0bd52005546c70457f5d9),Please include some examples abput the recent Olympic games in 2026,"To further enhance your discussion, consider incorporating specific examples from recent global events, such as the 2026 Olympic Games, to illustrate your points and make your analysis more engaging and relatable.",67,213,2026-02-26T21:38:26.853Z
ObjectId(69a0bd57005546c70457f5da),Please include some examples abput the recent Olympic games in 2026,"To strengthen your analysis, consider incorporating specific examples from the recent Olympic games in 2026. 

• Discuss the impact of the new mixed-gender events on the overall competition.
• Analyze the performance of a particular athlete who broke a world record in their respective event.
• Examine the role of technology in enhancing the viewer experience during the games.
• Describe the cultural significance of a particular sport or event featured in the Olympics.",67,472,2026-02-26T21:38:31.651Z
ObjectId(69a0be1e14f40abb5e236b5d),Include Winter 2026 Olympic Games,"To further enhance your analysis, consider incorporating the Winter 2026 Olympic Games as a case study. This event can provide valuable insights into the intersection of sports, politics, and international relations.

• The 2026 Olympics will be held in Milan-Cortina, Italy, offering a unique opportunity to examine the impact of hosting a major international event on local infrastructure and economies.
• The games will also provide a platform for athletes from diverse backgrounds to come together, highlighting the role of sports in promoting global understanding and cooperation.
• The 2026 Olympics will feature a range of new events and competitions, allowing you to explore the evolution of sports and their cultural significance.
• Analyzing the Olympic Games' impact on local communities and the environment can also provide valuable lessons for sustainable development and urban planning.",33,900,2026-02-26T21:41:50.310Z
